name,iterations,real_time,cpu_time,time_unit,bytes_per_second,items_per_second,label,error_occurred,error_message,"Comparisons","Loops","Sort_comparisons","original_length","set_length"
"BM_vector_search/0",410197,1635.49,1635.41,ns,,,,,,80,75,0,0,0
"BM_vector_search/1",322027,2211.35,2205.1,ns,,,,,,97,46,34,10,7
"BM_vector_search/2",356280,2010.93,2004,ns,,,,,,96,27,34,10,7
"BM_vector_search/3",132200,4966.89,4963.32,ns,,,,,,457,445,0,0,0
"BM_vector_search/4",105841,6652.68,6652.35,ns,,,,,,385,186,154,25,13
"BM_vector_search/5",124165,5585.05,5584.82,ns,,,,,,305,83,154,25,13
"BM_vector_search/6",74086,9427.09,9426.4,ns,,,,,,939,891,0,0,0
"BM_vector_search/7",52987,12201,12167.2,ns,,,,,,1000,499,302,50,23
"BM_vector_search/8",68384,10235.4,10225.8,ns,,,,,,641,191,302,50,23
"BM_vector_search/9",40389,17715.8,17715.1,ns,,,,,,2215,2146,0,0,0
"BM_vector_search/10",32427,21363.8,21363.2,ns,,,,,,1868,931,602,75,23
"BM_vector_search/11",40345,17283.6,17283,ns,,,,,,998,290,602,75,23
"BM_vector_search/12",19135,37115.9,37114.2,ns,,,,,,6623,6560,0,0,0
"BM_vector_search/13",17978,40961.7,40959.8,ns,,,,,,6105,3034,797,100,62
"BM_vector_search/14",28340,24797.1,24795.6,ns,,,,,,1873,542,797,100,62
"BM_vector_search/15",7531,90979.4,90975.7,ns,,,,,,17694,17520,0,0,0
"BM_vector_search/16",7625,91697.6,91692.3,ns,,,,,,16452,8213,1920,200,87
"BM_vector_search/17",13410,51756.5,51753.3,ns,,,,,,4024,1154,1920,200,87
"BM_vector_search/18",4601,156551,156546,ns,,,,,,27285,27001,0,0,0
"BM_vector_search/19",4390,156859,156852,ns,,,,,,30448,15216,3314,300,94
"BM_vector_search/20",8219,84817.9,84814.1,ns,,,,,,5946,1714,3314,300,94
"BM_vector_search/21",2640,262945,262933,ns,,,,,,46461,45961,0,0,0
"BM_vector_search/22",2633,267454,267437,ns,,,,,,50204,25102,5744,500,100
"BM_vector_search/23",4897,147323,146870,ns,,,,,,9808,2845,5744,500,100
"BM_vector_search/24",1652,429754,428512,ns,,,,,,77901,77151,0,0,0
"BM_vector_search/25",1659,403451,403447,ns,,,,,,75074,37537,10321,750,100
"BM_vector_search/26",3192,222549,222544,ns,,,,,,15084,4373,10321,750,100
"BM_vector_search/27",1313,523786,523770,ns,,,,,,91756,90756,0,0,0
"BM_vector_search/28",1293,551046,549878,ns,,,,,,101176,50588,15001,1000,100
"BM_vector_search/29",2320,310427,310415,ns,,,,,,19841,5744,15001,1000,100
"BM_vector_search/30",1046,690154,690140,ns,,,,,,115532,114282,0,0,0
"BM_vector_search/31",1038,695177,695147,ns,,,,,,125924,62962,19551,1250,100
"BM_vector_search/32",1714,383718,383713,ns,,,,,,24875,7204,19551,1250,100
"BM_vector_search/33",715,966949,966901,ns,,,,,,179503,178003,0,0,0
"BM_vector_search/34",840,859608,859573,ns,,,,,,151448,75724,24861,1500,100
"BM_vector_search/35",1538,464660,462785,ns,,,,,,30169,8737,24861,1500,100
"BM_vector_search/36",565,1.22878e+06,1.2257e+06,ns,,,,,,209840,207840,0,0,0
"BM_vector_search/37",610,1.15912e+06,1.15624e+06,ns,,,,,,206070,103035,39193,2000,100
"BM_vector_search/38",1109,639972,638448,ns,,,,,,39752,11513,39193,2000,100
"BM_vector_search/39",342,1.8386e+06,1.83854e+06,ns,,,,,,283872,280872,0,0,0
"BM_vector_search/40",388,1.76742e+06,1.76738e+06,ns,,,,,,304524,152262,75685,3000,100
"BM_vector_search/41",692,1.01861e+06,1.01853e+06,ns,,,,,,60319,17479,75685,3000,100
"BM_vector_search/42",164,4.11304e+06,4.11283e+06,ns,,,,,,486740,481740,0,0,0
"BM_vector_search/43",225,3.11173e+06,3.11159e+06,ns,,,,,,503800,251900,184857,5000,100
"BM_vector_search/44",380,1.90779e+06,1.90684e+06,ns,,,,,,100302,29059,184857,5000,100
"BM_vector_search/45",91,7.8087e+06,7.80835e+06,ns,,,,,,774900,767400,0,0,0
"BM_vector_search/46",100,5.1634e+06,5.16321e+06,ns,,,,,,760074,380037,360073,7500,100
"BM_vector_search/47",225,3.18266e+06,3.1826e+06,ns,,,,,,149813,43421,360073,7500,100
"BM_vector_search/48",59,1.18442e+07,1.1844e+07,ns,,,,,,952081,942081,0,0,0
"BM_vector_search/49",93,7.17173e+06,7.17148e+06,ns,,,,,,1.01676e+06,508378,599046,10000,100
"BM_vector_search/50",154,4.5975e+06,4.59734e+06,ns,,,,,,201002,58221,599046,10000,100
"BM_vector_search/51",9,7.46423e+07,7.46349e+07,ns,,,,,,1.52303e+07,1.52153e+07,0,0,0
"BM_vector_search/52",15,4.74306e+07,4.74296e+07,ns,,,,,,1.49101e+07,7.45506e+06,329470,15000,1000
"BM_vector_search/53",105,6.67043e+06,6.66999e+06,ns,,,,,,465521,135007,329470,15000,1000
"BM_vector_search/54",7,1.02746e+08,1.02741e+08,ns,,,,,,1.94128e+07,1.93928e+07,0,0,0
"BM_vector_search/55",11,6.92887e+07,6.92864e+07,ns,,,,,,2.00463e+07,1.00231e+07,519343,20000,1000
"BM_vector_search/56",77,8.95321e+06,8.95302e+06,ns,,,,,,619757,179614,519343,20000,1000
"BM_vector_search/57",5,1.40883e+08,1.40691e+08,ns,,,,,,2.42787e+07,2.42537e+07,0,0,0
"BM_vector_search/58",9,8.01101e+07,7.98396e+07,ns,,,,,,2.49902e+07,1.24951e+07,663108,25000,1000
"BM_vector_search/59",60,1.17407e+07,1.17193e+07,ns,,,,,,775027,224687,663108,25000,1000
"BM_vector_search/60",4,1.84507e+08,1.84504e+08,ns,,,,,,3.05272e+07,3.04972e+07,0,0,0
"BM_vector_search/61",7,9.51338e+07,9.51316e+07,ns,,,,,,2.96439e+07,1.4822e+07,903785,30000,1000
"BM_vector_search/62",50,1.42231e+07,1.42227e+07,ns,,,,,,929957,269666,903785,30000,1000
"BM_vector_search/63",3,2.67196e+08,2.67188e+08,ns,,,,,,3.96775e+07,3.96375e+07,0,0,0
"BM_vector_search/64",5,1.28988e+08,1.28981e+08,ns,,,,,,3.99108e+07,1.99554e+07,1.38688e+06,40000,1000
"BM_vector_search/65",36,1.98211e+07,1.98202e+07,ns,,,,,,1.24009e+06,359479,1.38688e+06,40000,1000
"BM_vector_search/66",2,3.64715e+08,3.64695e+08,ns,,,,,,4.8458e+07,4.8408e+07,0,0,0
"BM_vector_search/67",4,1.5957e+08,1.59564e+08,ns,,,,,,4.98123e+07,2.49062e+07,1.97486e+06,50000,1000
"BM_vector_search/68",27,2.58939e+07,2.58933e+07,ns,,,,,,1.548e+06,448714,1.97486e+06,50000,1000
"BM_vector_search/69",1,7.47323e+08,7.47292e+08,ns,,,,,,7.64254e+07,7.63504e+07,0,0,0
"BM_vector_search/70",3,2.40715e+08,2.40707e+08,ns,,,,,,7.45394e+07,3.72697e+07,4.07645e+06,75000,1000
"BM_vector_search/71",17,4.06335e+07,4.06309e+07,ns,,,,,,2.32483e+06,674016,4.07645e+06,75000,1000
"BM_vector_search/72",1,1.20317e+09,1.20313e+09,ns,,,,,,1.01524e+08,1.01424e+08,0,0,0
"BM_vector_search/73",2,3.2816e+08,3.28137e+08,ns,,,,,,9.96008e+07,4.98004e+07,6.56063e+06,100000,1000
"BM_vector_search/74",12,5.97902e+07,5.96911e+07,ns,,,,,,3.09979e+06,898569,6.56063e+06,100000,1000
"BM_vector_search/75",1,1.89503e+09,1.89412e+09,ns,,,,,,1.23008e+08,1.22883e+08,0,0,0
"BM_vector_search/76",2,4.23959e+08,4.23947e+08,ns,,,,,,1.24349e+08,6.21745e+07,9.73557e+06,125000,1000
"BM_vector_search/77",9,8.07201e+07,8.07183e+07,ns,,,,,,3.87357e+06,1.1231e+06,9.73557e+06,125000,1000
"BM_vector_search/78",1,2.56553e+09,2.56544e+09,ns,,,,,,1.47487e+08,1.47337e+08,0,0,0
"BM_vector_search/79",1,5.10425e+08,5.10404e+08,ns,,,,,,1.49043e+08,7.45216e+07,1.34058e+07,150000,1000
"BM_vector_search/80",7,1.03267e+08,1.03265e+08,ns,,,,,,4.64883e+06,1.34785e+06,1.34058e+07,150000,1000
"BM_vector_search/81",1,7.54675e+09,7.54634e+09,ns,,,,,,1.01066e+09,1.01046e+09,0,0,0
"BM_vector_search/82",1,2.82999e+09,2.82991e+09,ns,,,,,,9.63146e+08,4.81573e+08,7.6019e+06,200000,5000
"BM_vector_search/83",4,1.70918e+08,1.70914e+08,ns,,,,,,7.88775e+06,2.27254e+06,7.6019e+06,200000,5000
"BM_vector_search/84",1,1.02145e+10,1.02125e+10,ns,,,,,,1.2466e+09,1.24635e+09,0,0,0
"BM_vector_search/85",1,3.50401e+09,3.50385e+09,ns,,,,,,1.20064e+09,6.0032e+08,1.07607e+07,250000,5000
"BM_vector_search/86",3,2.16297e+08,2.16282e+08,ns,,,,,,9.85566e+06,2.83972e+06,1.07607e+07,250000,5000
"BM_vector_search/87",1,1.42308e+10,1.42259e+10,ns,,,,,,1.51899e+09,1.51869e+09,0,0,0
"BM_vector_search/88",1,4.26504e+09,4.25235e+09,ns,,,,,,1.44277e+09,7.21385e+08,1.4408e+07,300000,5000
"BM_vector_search/89",3,2.69631e+08,2.68538e+08,ns,,,,,,1.18322e+07,3.40876e+06,1.4408e+07,300000,5000
"BM_vector_search/90",1,2.1771e+10,2.17616e+10,ns,,,,,,1.98726e+09,1.98686e+09,0,0,0
"BM_vector_search/91",1,5.76561e+09,5.7654e+09,ns,,,,,,1.92418e+09,9.62088e+08,2.31062e+07,400000,5000
"BM_vector_search/92",2,3.70237e+08,3.70215e+08,ns,,,,,,1.57771e+07,4.54518e+06,2.31062e+07,400000,5000
"BM_vector_search/93",1,3.18515e+10,3.18421e+10,ns,,,,,,2.46463e+09,2.46413e+09,0,0,0
"BM_vector_search/94",1,7.35476e+09,7.34926e+09,ns,,,,,,2.40809e+09,1.20405e+09,3.40789e+07,500000,5000
"BM_vector_search/95",2,4.7522e+08,4.74268e+08,ns,,,,,,1.97161e+07,5.67997e+06,3.40789e+07,500000,5000
"BM_vector_search/96",1,1.11495e+11,1.11448e+11,ns,,,,,,5.0558e+09,5.0548e+09,0,0,0
"BM_vector_search/97",1,1.42396e+10,1.42159e+10,ns,,,,,,4.81584e+09,2.40792e+09,1.18033e+08,1e+06,5000
"BM_vector_search/98",1,1.10347e+09,1.10138e+09,ns,,,,,,3.94495e+07,1.13644e+07,1.18033e+08,1e+06,5000
"BM_vector_search_BigO",,2.50242e+09,2.50121e+09,(1),,,,,,,,,,
"BM_vector_search_RMS",,4.75327,4.75358,,,,,,,,,,,
